nome_produto,sum(receita_realizada),sum(receita_potencial_estoque)
Pão,489055.98999999993,489055.98999999993
Queijo,442517.51,442517.51
Molho,523119.37,523119.37
Suco,378173.98000000004,378173.98000000004
Iogurte,405391.71,405391.71
Sorvete,563270.2399999999,563270.2399999999
Biscoito,271729.65999999986,271729.65999999986
Chocolate,431483.36999999994,431483.36999999994
Cereal,300427.01999999996,300427.01999999996
Refrigerante,206298.11000000002,206298.11000000002